{
  "genesis_time": "2024-07-17T18:17:40.763748899Z",
  "chain_id": "test-chain-V6L45e",
  "initial_height": "0",
  "consensus_params": {
    "block": {
      "max_bytes": "22020096",
      "max_gas": "-1",
      "time_iota_ms": "1000"
    },
    "evidence": {
      "max_age_num_blocks": "100000",
      "max_age_duration": "172800000000000",
      "max_bytes": "1048576"
    },
    "validator": {
      "pub_key_types": [
        "ed25519"
      ]
    },
    "version": {}
  },
  "validators": [
    {
      "address": "5F64B0CBA011A0179B6F2F3CEACB79EFB3F76F9C",
      "pub_key": {
        "type": "tendermint/PubKeyEd25519",
        "value": "puK3xqpfdKx35HtWunEX7jkGce2L5Lptf+1jjxozOrw="
      },
      "power": "10",
      "name": ""
    }
  ],
  "app_hash": ""
}